{
    "seasonalMessages": [{
        "message": "新年の抱負として歩数目標の設定を！",
        "date": "2017-01-02",
        "status": false
    }, {
        "message": "お正月太りは歩いて解消！が一番ですよ",
        "date": "2017-01-07",
        "status": false
    }, {
        "message": "空気が澄む冬。美しい景色に足取りも軽く♪",
        "date": "2017-02-05",
        "status": false
    }, {
        "message": "暖房に頼らず歩いてウォームアップ！",
        "date": "2017-02-12",
        "status": false
    }, {
        "message": "外を歩けば新芽やつぼみなど春のサインが！",
        "date": "2017-03-05",
        "status": false
    }, {
        "message": "新年度に向けて心も身体もリフレッシュ！",
        "date": "2017-03-20",
        "status": false
    }, {
        "message": "花や新緑！春を探して歩きましょう！",
        "date": "2017-04-05",
        "status": false
    }, {
        "message": "GWはウォーキング旅行にしてみませんか",
        "date": "2017-04-16",
        "status": false
    }, {
        "message": "夏に向けて！ダイエットは今が勝負！",
        "date": "2017-05-07",
        "status": false
    }, {
        "message": "新緑のさわやかな空気でお散歩も快適！",
        "date": "2017-05-15",
        "status": false
    }, {
        "message": "梅雨の晴れ間はウォーキングで有効に",
        "date": "2016-06-05",
        "status": false
    }, {
        "message": "あじさいウォーキングはこの時期の特権！",
        "date": "2016-06-20",
        "status": false
    }, {
        "message": "蒸し暑い日はタオルや着替えも持ち歩こう",
        "date": "2016-07-05",
        "status": false
    }, {
        "message": "夕方のウォーキングはゲリラ豪雨にご注意を",
        "date": "2016-07-20",
        "status": false
    }, {
        "message": "冷房で体が冷えたらウォーキング！",
        "date": "2016-08-05",
        "status": false
    }, {
        "message": "帽子にサングラス。日焼け対策も忘れずに！",
        "date": "2016-08-15",
        "status": false
    }, {
        "message": "残暑が厳しい季節。しっかり水分補給を！",
        "date": "2016-09-05",
        "status": false
    }, {
        "message": "夏の疲れを引きずったら、歩いて体力づくり",
        "date": "2016-09-20",
        "status": false
    }, {
        "message": "さんま、焼き芋、ウォーキング！",
        "date": "2016-10-05",
        "status": false
    }, {
        "message": "紅葉スポットの散策コースは要チェック！",
        "date": "2016-10-20",
        "status": false
    }, {
        "message": "ウォーキングで寒さに負けない体づくりを",
        "date": "2016-11-05",
        "status": false
    }, {
        "message": "汗をかいたあとの冷えが風邪のもと！",
        "date": "2016-11-20",
        "status": false
    }, {
        "message": "忙しい師走こそウォーキングで心に余裕を",
        "date": "2016-12-05",
        "status": false
    }, {
        "message": "忘年会での飲みすぎ、食べすぎは歩いて解消",
        "date": "2016-12-15",
        "status": false
    }]
}